Mark,Cairns,07508205146
Brian,Nisbet,04674940253
Erin,Findlater,
Timothy,Linklater,
Jake,Mackenzie,01603040669
Raymond,Adams,
Charlene,Goldie,
Bradley,Mackintosh,
Niamh,Bowden,08583339886
Edward,Lawrie,04496082092
Tommy,O'Hare,04294592333
Kyle,Bryant,09382948343
Gerald,Lucas,07721252352
Wesley,Din,
Conor,Mcquarrie,07804383226
Jenna,Begum,
Susan,Owen,
Hugh,Stalker,
Emily,Rooney,03588839526
Heidi,Gardiner,03098248357
Myles,Bowers,
Logan,Inglis,
Cora,Yuill,
Kirsten,Sutton,04661247421
Lindsay,O'Hare,
Keir,Wishart,
Sharon,Brown,08886174535
Linda,Turner,03164424289
Emma,Galbraith,09252494911
Rowan,Hetherington,02739207651
Jackson,Irons,09205682676
Kayla,Power,05803689623
Pamela,Dyer,
Judith,Paton,06828952402
Marie,Small,04545558862
Margaret,Irons,07633983706
Jon,Hayward,04643426345
Owen,Hynes,03553554459
Christopher,Veitch,01758299886
Evelyn,Rush,
Demi,Williamson,01634823599
Gordon,Mcloughlin,
Rosie,Mcinnes,02169740276
Lauryn,Mccullough,01083925422
Autumn,Webster,
Rachael,Glancy,
Leon,Bett,04602630937
Casey,Farquhar,
Sophia,Hartley,
Zachary,Sykes,
Mackenzie,Nairn,02247383708
Paige,Fenwick,07891259685
Wayne,Ball,03180577325
Roderick,Mcgarva,
Imogen,Glen,06705776509
Katherine,Payne,
Kathleen,Mclauchlan,
Marcus,Stocks,
Donna,Kirkpatrick,05656933364
Mollie,Peters,
Eden,Mcgowan,
Yvonne,Proudfoot,
Suzanne,Rodger,09974223872
Millie,Shannon,
Sadie,Nicol,
Kimberley,Whelan,
Claire,Kirk,06813750677
Kaitlin,Newman,07684389523
Diane,Stoddart,
Summer,Tough,
George,Minto,
Bryan,Troup,09227021839
Indie,Mcnaughton,
Ollie,Sanderson,
Joanne,Mcphillips,
Abigail,Mckinley,08437917803
Rachel,Storey,03483191684
Brody,Leckie,02013210845
Frankie,Marsh,
Theo,Haynes,08017542237
Lindsey,Pollock,
Roy,Templeton,
Daisy,Whyte,02576554519
Aoife,Bulloch,07127935250
William,Eaton,
Aria,Peters,
Jude,Lynas,05703594847
Stacy,Mccracken,08820651079
Vicky,Mcrae,
Francis,Roberts,
Matthew,Winters,
Robin,Dowie,04410123140
Ian,Talbot,08015421950
Caleb,Hoggan,06520890728
Mia,Parker,06590653614
Elsie,Mcghee,02603256700
Reece,Greenhill,
Angus,Lennox,03639309155
Jaxon,Mcglashan,02140426683
Catherine,Jennings,03662638324
Shirley,Lapsley,05770281076
Louie,Carson,01580370605
Kylie,Little,05770511345
Kathryn,Lambert,09225090706
Linzi,Rigby,06470498075
Luke,Lyle,
Daryl,Ewart,03133874883
Amelie,Chisholm,
Thea,Macintyre,
Niall,Roberts,04022133054
Ellie,Fullarton,
Finley,Austin,07923937831
Aidan,Finney,01412334199
Lesley,Deighan,05101194987
Julie,Hodgson,07111636998
Neil,Adams,
Alba,Herd,
Donald,Clifford,04328252894
Faith,Morgan,05410936766
Hope,Mcdonald,09188678064
Sara,Coupland,
Joseph,Aitchison,
Carol,Douglas,07443120187
Dale,Lowe,06329504937
Frank,Stenhouse,
Clara,Gauld,09567424844
Steven,Todd,
Arlo,Stables,
Andrew,Norris,
Neve,Curley,06244360874
Allan,Waterston,
Brodie,Hepburn,
Harper,Latif,07935417791
Anna,Maclennan,
Roman,Maclean,
Jillian,Benson,08241035883
Eilidh,Carson,
Alison,Mclelland,
Peter,Cochrane,
Samuel,Bray,
Ryan,Jenkins,
Ross,Trainer,
Aurora,Armour,01133252908
Reuben,Fernie,01548607378
Nieve,Bryceland,
Bonnie,Whittaker,
Eve,Tanner,
Natalie,Osborne,07586538563
Olly,Donnelly,02911713512
Kaiden,Willox,08332954470
Lorraine,Blyth,
Siobhan,Browning,
Stewart,Withers,
Abi,O'Donnell,01373343682
Kelsey,Stanners,
Jill,Mcveigh,04042695279
Mya,Mcilwraith,
Gareth,Mcquarrie,05079205393
Shelley,Gauld,
Phoebe,Doak,
Alice,Blackburn,
Lottie,Leonard,02822674404
Alfie,Cockburn,
Bailey,Small,
Nicole,Blackburn,02400695990
Allison,Mcilroy,02788775053
Greg,Swanston,
Eric,Finnigan,
Kirstie,Coleman,08676296436
Hallie,Glendinning,
Myla,Mcgowan,07848597453
Kristopher,Deighan,05460107723
Stephen,Maltman,04236159052
Arabella,Whyte,01738671788
Malcolm,Deas,03397018402
Carson,Robinson,
Stephanie,Beedie,07197837055
Brandon,Hart,
Harvey,Mathieson,03973040675
Ariana,Mcsporran,
Chloe,Carter,02580531013
Audrey,Mcgraw,04982564080
Josh,Carter,05507711236
Patricia,Roe,07408926675
Murray,Mclaughlan,
Luca,Arnold,02896756016
Simon,Gourlay,
Euan,Urquhart,08067489369
Anthony,Parkin,
Rory,Mcquarrie,
Esme,Macleod,
Remi,Freeman,02989872316
Lucas,Easton,
Duncan,Fulton,03857303358
Kirsteen,Peters,09581337862
Jason,Mcdaid,
Mhairi,Purdie,
Ciaran,Storrie,07076936253
Kerri,Sharma,02370713715
Cara,Regan,
Robert,Mccubbin,01334114484
Theodore,Bradford,09283417093
Molly,Patterson,01446259399
Megan,Dykes,
Nicholas,Arthur,
Philip,Mains,01723511063
Maureen,Ashcroft,
Kerry,Mackie,03274887611
Julia,Norris,
Louis,Minto,09516708352
Joshua,Dalton,
Ashley,Mcgibbon,05509752797
Dylan,Morton,09588709716
Brooke,Mcewen,
Isaac,Heaney,
Aaron,Devlin,09018248669
Jay,Cattanach,
Ada,Mcdiarmid,
Cole,Masterton,04462087992
Paula,Seath,
Lee,Abercrombie,07857355541
Jonathan,Mathers,08566848088
Shay,Mcconnachie,01046987874
Zak,Warren,
Ellis,Mckinlay,02895055008
Gregor,Mcquillan,08191652179
Piper,Innes,08920112299
Lena,Bibi,
Jane,More,01016658318
Leigh,Masson,01331285918
Kelly,Hirst,03814995940
Stacey,Fallon,09687135365
Freya,Borthwick,
Keith,Hughes,
Ava,Mckenna,08875124280
Mason,Blaney,
Callan,Twaddle,02041822634
Evan,Keen,05361756633
Elliot,Morrice,
Morven,Carmichael,04231084710
Nova,Maclaren,01851548832
Gary,Burr,01763498214
Lacey,Canning,09386274787
Max,Paxton,02038127408
Denise,Barnes,08894457263
Daniel,Wightman,
Gillian,Munro,
Darren,Jolly,
Hazel,Taggart,07962306026
Ann,Haggerty,
Victoria,Boag,01253563627
Leo,Macgillivray,
Scott,Morrow,
Patrick,Macneil,
Alastair,Stoddart,05633558301
Lillie,Fernie,
Sonny,Drennan,
Mary,Nugent,04205269019
Greig,Mcquade,08180469454
Eleanor,Mcneil,
Freddie,Macneil,
Ailsa,Muldoon,01812333399
Conner,Townsley,02158900974
Martin,Craigie,
Jax,Duff,08889801343
Barry,Dryden,09116371424
Samantha,Bisset,07968621805
Alana,Dunsmuir,09625664237
Jack,Leggat,
Shannon,Spowart,
Sandra,Bibi,
Hamish,Mackie,
Archie,Hamill,01277635594
Zara,Rowe,
Henry,Baines,03653602168
Kris,Pentland,
Morgan,Fairbairn,
Aiden,Tennant,02325158471
Rebecca,Dixon,08825171433
Gabriel,Jackson,02183847962
Zac,Mcphee,
Charlie,Gardiner,06780212779
Lyndsey,Mcmullan,
Harrison,Mcglone,
Pauline,Atkinson,09977032143
Heather,Beaumont,03611978483
Antony,Brewster,01180036141
Dominic,Mcclelland,
Blake,Bacon,
Innes,Goodfellow,04779550300
Benjamin,Miles,04365415382
Naomi,Mcdougall,06595164620
Jacob,Docherty,
Kiera,Mcleod,
Mandy,Leask,07281927677
Janet,Peat,09349393525
Gail,Brash,
Kimberly,Dodd,08088502211
Anne,Greenshields,02863361852
Bethany,Healy,07978324898
Kaitlyn,Marshall,
Lara,Farquharson,03893834276
Declan,Horsburgh,02624894632
Linsey,Bradshaw,02017960337
Scarlett,Stokes,
Nicolle,Beck,02137824388
Melissa,Ferries,
Marc,Stark,07809723026
Gavin,Holden,07856404131
Melanie,Clarkson,
Morag,Fearn,
James,Fenwick,
Charley,O'Rourke,03657884217
Dawn,Dodd,07460071495
Shona,Bell,04156994275
Harley,Mcgonigle,
Paul,Parkin,08748722734
Cheryl,Lloyd,
Russell,Dickinson,
Matilda,Lambert,01649590065
Elise,Notman,
Lucy,Herkes,01137757070
Sofia,Adamson,08895992646
Wendy,Mclelland,
Clare,Mcgurk,03230131430
Caitlin,Clifford,03146361125
Debbie,Collier,09406676055
Hayden,Scott,
Hanna,Jones,05534131637
Nikki,Macgillivray,04557516461
Jodie,Winning,
Kenzie,Rafiq,
Laila,Lyon,01645115301
Ayla,Godfrey,06536099844
Carter,Macintosh,05484923199
Layla,Lambert,
Violet,Rahman,
Bella,Turner,03909367785
Leah,Eaglesham,07988529560
Jasmine,Dykes,02560084176
Amanda,Irvine,
Maeve,Coleman,
Elaine,Mckinnon,
Riley,Storrie,
Sophie,Connor,03975580247
Madison,Mcsorley,06474230778
Jayden,Mulligan,03678561965
Corey,Mcphillips,02662528532
Catriona,Livingstone,
Arran,Bannerman,
Alicia,Fox,03578990565
Chelsea,Robbins,
Mirren,King,
Alex,Finlay,
Campbell,Kelly,
Marion,Farmer,05713124353
Caitlyn,Winton,
Ayda,Lyall,07420217860
Ruth,Ahmad,
Ciara,Cairney,06456619513
Struan,Mackie,
Sarah,Bishop,03915579585
Kevin,Stevenson,09077129296
Rose,Stalker,09343392765
Danielle,Dalrymple,09937217774
Cody,Mcsherry,
Katie,Clarkson,01401354587
Adrian,Maltman,
Charles,Hunter,05195007338
Tyler,Green,04195628731
Taylor,Woods,
Charlotte,Lodge,
Rebekah,Moore,
Courtney,Meehan,01722226787
Craig,Collie,08678339757
Barrie,Rafiq,06111940435
Amber,Jamieson,06803160551
Hollie,Condie,
Nathan,Tonner,01099227249
Toni,Price,01568213841
Carly,Smart,06352639055
Elizabeth,Salmond,
Rosa,Lyle,03561982283
Kara,Nightingale,02072344629
Thomas,Duncanson,
Mohammed,Hynes,
Kayden,Long,
Alistair,Jennings,
Lynsey,Queen,
Liam,Hirst,01432715180
Muhammad,Ormiston,06276850163
Andrea,Copeland,04858191499
Natasha,Bone,05033127633
David,Mcnicol,05867508341
Maria,Travers,01494796709
Bruce,Mcneil,
Callum,Blaney,
Carla,Jeffrey,
Michaela,Mcgarva,07060303828
Abby,Gibbons,
Callie,Howieson,08169679025
Katrina,Mcdiarmid,04485772649
Emilia,Nicholls,01391449317
Michelle,Kerrigan,05231191376
Elle,Pentland,02176040601
Libby,Haldane,
Gerard,Mcgill,
Graham,Reekie,02524836783
Richard,Clinton,
Alasdair,Law,
Fiona,Bridges,08775554871
Ella,Aitchison,
Jessica,Stevens,03541992423
Ruby,Torrance,02280598360
Penelope,Vincent,03887462381
Evie,Lamond,
Robbie,Reeves,05672410853
Meghan,Burke,
Dean,Dyer,
Lennon,Marley,
Shaun,Kiernan,
Sean,Boag,
Holly,Dewar,
Aileen,Connelly,
Deborah,Casey,09974203354
Derek,Mccreath,07660907518
Carrie,Potts,
Elijah,Gunn,01128661095
Rhiannon,Parsons,01116076399
Chantelle,Hanley,05564565340
Louise,Fowler,
Sienna,Stitt,
Harris,Brock,
Lynne,Don,06702113087
Leanne,Brydon,
Calum,Monaghan,
Blair,Harvie,
Caroline,Shanks,05596378756
Arlene,Everett,
Ronald,Blackburn,
Gayle,Pollock,
Kian,Hogarth,
Alexis,Muirhead,06824954177
Lola,Wilson,05154221974
Ivy,Mcmaster,01279453410
Hayley,Duffin,
Lexie,Bryant,02963171363
Alexander,Cannon,
Ellen,Denham,
Gemma,Rankin,
Cooper,Semple,01458537795
Quinn,Regan,
Tracey,Connelly,01997069443
Karen,Mcadam,06170043471
Alisha,Fitzpatrick,01134256234
Colin,Frew,
Stuart,Patel,04083034269
Nicola,Mccauley,05591888975
Hannah,Love,01754517276
Keiran,Maitland,
Gracie,Haston,06727462585
Ben,Cowie,
Cameron,Davis,07195869798
Skye,Arshad,
Abbi,Malcolmson,01197791592
Kenneth,Robson,
Orla,Darroch,
Oscar,Mcglone,07012911250
Miley,Stead,
Aila,Tulloch,
Amy,Mccann,
Lachlan,Nimmo,
Adele,Gibb,
Ruaridh,Brogan,
Florence,Storey,05444679854
Noah,Dalrymple,01918137758
Jamie,Francis,
Cerys,Brannan,06262221605
Lyndsay,Hanley,
Lynn,Curran,04900929448
Sam,Hannah,
Laura,Graham,
Oliver,Samuel,
Lisa,Hynes,
Helen,Skene,06348899053
Isabella,Syme,
John,Cahill,09342987055
Olivia,Chambers,
Jade,Stephenson,
Justin,Mccourt,
Jemma,Nicholls,
Eva,Waugh,09053602080
Kai,Mcnair,
Douglas,Kiernan,
Kieran,Aitken,02340305816
Grant,Hartley,
Barbara,Carnegie,02557000241
Lois,Westwood,09001997740
Lyle,Cosgrove,03704732488
Lucie,Weir,01343856666
Lewis,Robinson,09095700704
Zoe,Page,
Alan,Roxburgh,
Willow,Thorburn,09561967535
Georgia,Baxter,09956161092
Robyn,Lightbody,01408862380
Lilly,Maccallum,
Maisie,Quin,06231577875
Lyla,Blaney,
Graeme,Roe,
Poppy,Haig,04288403047
Jennifer,Mcmurray,05395796476
Beth,Mcelroy,
Grace,Hetherington,06736210148
Grayson,Waterston,
Ronan,Horton,06291478482
Alexandra,Abercrombie,
Kim,Kirk,
Jacqueline,Maxwell,
Valerie,Jack,
Abbie,Madden,07040297445
Georgie,Redmond,
Kirsty,Hadden,
Amelia,Mulholland,01403963437
Joe,Farmer,05101191293
Maya,Brockie,05443432049
Mitchell,Cleary,08754191861
Lily,Williams,07191276237
Lorna,Norman,04006851880
Carolyn,Fyfe,
Michael,Anderson,
Joey,Black,03418501421
Arianna,Mccormick,06915463960
Iain,Shearer,
Isla,Baillie,
Harry,Morrison,
Ruairidh,Tran,08438487936
Luna,Andrews,
Adam,Hutchison,08529034945
Mila,Sewell,01752709200
Joanna,Thom,02337934647
Rhys,Nimmo,02527568501
Lauren,Halliday,
Christina,Connelly,02623706862
Aimee,Donnelly,
Lexi,Carlyle,02355835326
Kate,Kerrigan,06547270281
Tracy,Mcgrory,07289632046
Darcy,Gale,08992701900
Sinead,Friel,09338281961
Frances,Brogan,
Jordan,Troup,
Ewan,Greer,09707375913
Christine,Clelland,
Calvin,Barnett,
Finlay,Nicoll,06213236417
Ashleigh,Crawford,04958880998
Kayleigh,Guy,06703196433
Fraser,Hislop,
Iona,Lamond,
Finn,Mckie,
Hunter,Logue,
Garry,Savage,07487386294
Angela,Thompson,02345043054
Alyssa,Wiseman,
Connor,Heaney,
Arthur,Fergusson,
Martyn,Howat,04855105125
Ethan,Dunbar,07139335690
Keira,Curley,
Norman,Small,
Arya,Farmer,
Teddy,Elrick,
Nina,Cole,02424628414
